ลำดับ,โครงการ,กลุ่มกิจการ,ประเภทโครงการ,กระทรวงเจ้าสังกัด,หน่วยงานเจ้าของโครงการ,เอกชนคู่สัญญา,ระยะเวลาโครงการ,วันที่ลงนามในสัญญา,วันที่,มูลค่าโครงการ,รูปแบบการจัดสรรกรรมสิทธิ์,รูปแบบสัมปทานหรือค่าตอบแทน,กฎหมายที่เกี่ยวข้อง,แหล่งข้อมูล
OC4IDS Elements/Objects,Project / Project Title,,,Party,Party / Role = AdministrativeEntity,Party / Role = Public Authority,,,,,,,,
5,โครงการบริหารและประกอบการท่าเทียบเรือตู้สินค้า บี 4 ณ ท่าเรือแหลมฉบัง,(4) ท่าเรือ การขนส่งทางน้ำ,ท่าเรือ,กระทรวงคมนาคม,การท่าเรือแห่งประเทศไทย (กทท.),บริษัท ที ไอ พี เอส จำกัด,27 ปี,1 มกราคม 2537,1 มกราคม 2537,N/A,,,,https://ppp.sepo.go.th/content/170
6,โครงการบริหารและประกอบการท่าเทียบเรือตู้สินค้า บี 3 ณ ท่าเรือแหลมฉบัง,(4) ท่าเรือ การขนส่งทางน้ำ,ท่าเรือ,กระทรวงคมนาคม,การท่าเรือแห่งประเทศไทย (กทท.),บริษัท อีสเทิร์นซี แหลมฉบัง เทอร์มินัล จำกัด,26 ปี,1 มกราคม 2538,1 มกราคม 2538,N/A,,,,https://ppp.sepo.go.th/content/169
12,โครงการรถไฟฟ้าสายสีน้ำเงิน,(2) รถไฟ รถไฟฟ้า การขนส่งทางราง,รถไฟฟ้า,กระทรวงคมนาคม,การรถไฟฟ้าขนส่งมวลชนแห่งประเทศไทย (รฟม.),บริษัท ทางด่วนและรถไฟฟ้ากรุงเทพ จํากัด (คู่สัญญาตอนลงนามในสัญญาบริษัท BMCL จํากัด),"25 ปี
30 ปี ","1 สิงหาคม 2543
31 มีนาคม 2560",1 สิงหาคม 2543,"โครงการรถไฟฟ้าสายสีนำเงิน ช่วงหัวลำโพง – บางซื่อ 80,410 ล้านบาท
โครงการรถไฟฟ้าสายสีนำเงิน (ส่วนต่อขยาย) ช่วงหัวลำโพง - บางแค และช่วง
บางซื่อ - ท่าพระ 82,369.17 ล้านบาท","BOT (เว็บไซต์ สคร.)
BTO (หนังสือ สนข.)",PPP Net Cost,"• พระราชบัญญัติว่าด้วยการให้เอกชนเข้าร่วมงานหรือดำเนินการในกิจการของรัฐ พ.ศ. 2535
• พระราชบัญญัติการให้เอกชนร่วมลงทุนในกิจการของรัฐ พ.ศ. 2556
• พระราชบัญญัติการรถไฟฟ้าขนส่งมวลชนแห่งประเทศไทย พ.ศ. 2543","https://ppp.sepo.go.th/content/163
หนังสือสรุปผู้บริหาร สนข."
15,โครงการครัวการบิน (Catering Services) ณ ท่าอากาศยานสุวรรณภูมิ (รายบริษัท ครัวการบินกรุงเทพ จำกัด),(3) ท่าอากาศยาน การขนส่งทางอากาศ,ท่าอากาศยาน,กระทรวงคมนาคม,บริษัท ท่าอากาศยานไทย จำกัด (มหาชน) (ทอท.),บริษัท ครัวการบินกรุงเทพ จำกัด ,20 ปี,10 มีนาคม 2547,10 มีนาคม 2547,N/A,BTO,,,https://ppp.sepo.go.th/content/158
16,โครงการครัวการบิน (Catering Services) ณ ท่าอากาศยานสุวรรณภูมิ (รายบริษัท แอล เอส จี สกายเซฟส์ จำกัด),(3) ท่าอากาศยาน การขนส่งทางอากาศ,ท่าอากาศยาน,กระทรวงคมนาคม,บริษัท ท่าอากาศยานไทย จำกัด (มหาชน) (ทอท.),บริษัท แอล เอส จี สกายเซฟส์ จำกัด,20 ปี,10 มีนาคม 2547,10 มีนาคม 2547,N/A,BTO,,,https://ppp.sepo.go.th/content/157
17,โครงการระบบให้บริการเชื้อเพลิงอากาศยาน (Into - plane services) ณ ท่าอากาศยานสุวรรณภูมิ (บริษัท เอเอสไอจี (ไทยแลนด์) จำกัด),(3) ท่าอากาศยาน การขนส่งทางอากาศ,ท่าอากาศยาน,กระทรวงคมนาคม,บริษัท ท่าอากาศยานไทย จำกัด (มหาชน) (ทอท.),บริษัท เอเอสไอจี (ไทยแลนด์) จำกัด ,20 ปี,10 มีนาคม 2547,10 มีนาคม 2547,N/A,BTO,,,https://ppp.sepo.go.th/content/156
18,โครงการระบบให้บริการเชื้อเพลิงอากาศยาน (Into - plane services) ณ ท่าอากาศยานสุวรรณภูมิ (รายบริษัท บริการเชื้อเพลิงการบินกรุงเทพ จำกัด (มหาชน)),(3) ท่าอากาศยาน การขนส่งทางอากาศ,ท่าอากาศยาน,กระทรวงคมนาคม,บริษัท ท่าอากาศยานไทย จำกัด (มหาชน) (ทอท.),บริษัท บริการเชื้อเพลิงการบินกรุงเทพ จำกัด (มหาชน) ,20 ปี,10 มีนาคม 2547,10 มีนาคม 2547,N/A,BTO,,,https://ppp.sepo.go.th/content/155
20,โครงการอุปกรณ์บริการภาคพื้นและสิ่งอำนวยความสะดวกด้านการซ่อมบำรุง ณ ท่าอากาศยานสุวรรณภูมิ (รายบริษัท การบินไทย จำกัด (มหาชน),(3) ท่าอากาศยาน การขนส่งทางอากาศ,ท่าอากาศยาน,กระทรวงคมนาคม,บริษัท ท่าอากาศยานไทย จำกัด (มหาชน) (ทอท.),"บริษัท การบินไทย จำกัด (มหาชน)
WFS-PG Ramp Joint Venture",34 ปี,10 มีนาคม 2551,10 มีนาคม 2551,N/A,BTO,,,"https://ppp.sepo.go.th/content/154
หนังสือสรุปผู้บริหาร สนข."
21,โครงการครัวการบิน (Catering Services) ณ ท่าอากาศยานสุวรรณภูมิ (รายบริษัท การบินไทย จำกัด),(3) ท่าอากาศยาน การขนส่งทางอากาศ,ท่าอากาศยาน,กระทรวงคมนาคม,บริษัท ท่าอากาศยานไทย จำกัด (มหาชน) (ทอท.),บริษัท การบินไทย จำกัด (มหาชน),34 ปี,10 มีนาคม 2551,10 มีนาคม 2551,N/A,BTO,,,https://ppp.sepo.go.th/content/153
9,โครงการสัญญาลงทุนก่อสร้าง บริหาร และประกอบการท่าเทียบเรือสินค้า บี 5 ณ ท่าเรือแหลมฉบัง,(4) ท่าเรือ การขนส่งทางน้ำ,ท่าเรือ,กระทรวงคมนาคม,การท่าเรือแห่งประเทศไทย (กทท.),บริษัท แหลมฉบัง อินเตอร์เนชั่นแนล เทอร์มินอล จำกัด (LCIT),30 ปี,11 เมษายน 2539,11 เมษายน 2539,N/A,BOT,,,https://ppp.sepo.go.th/content/166
10,โครงการสัญญาลงทุนก่อสร้าง บริหาร และประกอบการท่าเทียบเรือสินค้ากอง เอ 5 ณ ท่าเรือแหลมฉบัง,(4) ท่าเรือ การขนส่งทางน้ำ,ท่าเรือ,กระทรวงคมนาคม,การท่าเรือแห่งประเทศไทย (กทท.),บริษัท นามยง เทอร์มินัล จำกัด,30 ปี,11 เมษายน 2539,11 เมษายน 2539,N/A,,,,https://ppp.sepo.go.th/content/165
14,โครงการอุปกรณ์บริการภาคพื้นและสิ่งอำนวยความสะดวกด้านการซ่อมบำรุง ณ ท่าอากาศยานสุวรรณภูมิ (รายบริษัท บริการภาคพื้นเวิลด์ไวด์ไฟลท์เซอร์วิส จำกัด),(3) ท่าอากาศยาน การขนส่งทางอากาศ,ท่าอากาศยาน,กระทรวงคมนาคม,บริษัท ท่าอากาศยานไทย จำกัด (มหาชน) (ทอท.),บริษัท บริการภาคพื้นเวิลด์ไวด์ไฟลท์เซอร์วิส จำกัด ,20 ปี,11 กุมภาพันธ์ 2547,11 กุมภาพันธ์ 2547,N/A,BTO,,,https://ppp.sepo.go.th/content/159
32,โครงการคลังสินค้า ณ ท่าอากาศยานสุวรรณภูมิ ของผู้ประกอบการรายที่ 3,(3) ท่าอากาศยาน การขนส่งทางอากาศ,ท่าอากาศยาน,กระทรวงคมนาคม,บริษัท ท่าอากาศยานไทย จำกัด (มหาชน) (ทอท.),บริษัท ดับบลิวเอฟเอสพีจี คาร์โก้ จำกัด ,25 ปี,11 กุมภาพันธ์ 2547,11 กุมภาพันธ์ 2547,"ประมาณ 6,589 ล้านบาท",BTO,PPP Net Cost,,https://ppp.sepo.go.th/content/161
22,โครงการทางพิเศษศรีรัช - วงแหวนรอบนอก กรุงเทพมหานคร,(1) ถนน ทางหลวง ทางพิเศษ การขนส่งทางถนน,ทางพิเศษ,กระทรวงคมนาคม,การทางพิเศษแห่งประเทศไทย (กทพ.),"บริษัท ทางด่วนและรถไฟฟ้ากรุงเทพ จำกัด (มหาชน) 
(ชื่อเดิม: บริษัท ทางด่วนกรุงเทพ จำกัด (มหาชน) (BECL))",30 ปี,14 กันยายน 2555,14 กันยายน 2555,N/A,BTO,,,https://ppp.sepo.go.th/content/152
24,โครงการรถไฟฟ้าสายสีชมพู ช่วงแคราย - มีนบุรี,(2) รถไฟ รถไฟฟ้า การขนส่งทางราง,รถไฟฟ้า,กระทรวงคมนาคม,การรถไฟฟ้าขนส่งมวลชนแห่งประเทศไทย (รฟม.),บริษัท นอร์ทเทิร์น บางกอกโมโนเรล จำกัด,30 ปี,16 มิถุนายน 2560,16 มิถุนายน 2560,"ประมาณ 56,691 ล้านบาท",BTO,PPP Net Cost,,https://ppp.sepo.go.th/content/150
25,โครงการรถไฟฟ้าสายสีเหลือง ช่วงลาดพร้าว - สำโรง,(2) รถไฟ รถไฟฟ้า การขนส่งทางราง,รถไฟฟ้า,กระทรวงคมนาคม,การรถไฟฟ้าขนส่งมวลชนแห่งประเทศไทย (รฟม.),บริษัท อีสเทิร์น บางกอกโมโนเรล จำกัด,30 ปี,16 มิถุนายน 2560,16 มิถุนายน 2560,"ประมาณ 54,644 ล้านบาท",BTO,PPP Net Cost ,,https://ppp.sepo.go.th/content/149
11,โครงการระบบส่งน้ำมันเชื้อเพลิง อากาศยานผ่านท่อแบบ Hydrant ณ ท่าอากาศยานสุวรรณภูมิ,(3) ท่าอากาศยาน การขนส่งทางอากาศ,ท่าอากาศยาน,กระทรวงคมนาคม,บริษัท ท่าอากาศยานไทย จำกัด (มหาชน) (ทอท.),บริษัท ไทยเชื้อเพลิงการบิน จำกัด ,30 ปี,18 เมษายน 2540,18 เมษายน 2540,N/A,BTO,,,https://ppp.sepo.go.th/content/164
33,โครงการรถไฟฟ้าสายสีส้ม ช่วงบางขุนนนท์ - มีนบุรี (สุวินทวงศ์),(2) รถไฟ รถไฟฟ้า การขนส่งทางราง,รถไฟฟ้า,กระทรวงคมนาคม,การรถไฟฟ้าขนส่งมวลชนแห่งประเทศไทย (รฟม.),บริษัททางด่วนและรถไฟฟ้ากรุงเทพ จำกัด (มหาชน),30 ปี,18 กรกฎาคม 2567,18 กรกฎาคม 2567,"ประมาณ 235,320 ล้านบาท",BTO,PPP Net Cost,,https://ppp.sepo.go.th/content/141
41,โครงการพัฒนาสนามบินอู่ตะเภาและเมืองการบินภาคตะวันออก,(3) ท่าอากาศยาน การขนส่งทางอากาศ,ท่าอากาศยาน,กระทรวงคมนาคมและกองทัพเรือ,สำนักงานคณะกรรมการนโยบายเขตพัฒนาพิเศษภาคตะวันออก (สกพอ.),"กลุ่มกิจการร่วมค้าบีบีเอส (BBS Joint Venture) จดทะเบียนในนาม บริษัท
อู่ตะเภา อินเตอร์เนชั่นแนลเอวิเอชั่น จำกัด ประกอบด้วย 
บริษัท การบินกรุงเทพ จำกัด (มหาชน) (Lead Firm)
บริษัท บีทีเอส กรุ๊ป โฮลดิ้งส์ จำกัด (มหาชน)
บริษัท ซิโน-ไทย เอ็นจีเนียริ่ง แอนด์ คอนสตรัคชั่น จำกัด (มหาชน)",50 ปี,19 มิถุนายน 2563,19 มิถุนายน 2563,"ประมาณ 290,000 ล้านบาท",BOT,PPP Net Cost,,หนังสือสรุปผู้บริหาร สนข.
34,โครงการการให้เอกชนร่วมลงทุนในการพัฒนาและบริหารจัดการศูนย์บริการทางหลวงศรีราชา บนทางหลวงพิเศษระหว่างเมืองหมายเลข 7 สายกรุงเทพมหานคร - บ้านฉาง ช่วงชลบุรี - พัทยา,(1) ถนน ทางหลวง ทางพิเศษ การขนส่งทางถนน,ทางพิเศษ,กระทรวงคมนาคม,กรมทางหลวง,บริษัท เดอะ เรส วิลเลจ จำกัด,32 ปี,19 กันยายน 2567,19 กันยายน 2567,"ประมาณ 1,672 ล้านบาท",,PPP Net Cost,,https://ppp.sepo.go.th/content/140
40,โครงการศูนย์ซ่อมบำรุงอากาศยานสนามบินอู่ตะเภา (MRO),(3) ท่าอากาศยาน การขนส่งทางอากาศ,ท่าอากาศยาน,,,"กลุ่มกิจการร่วมค้าบีบีเอส (BBS Joint Venture) จดทะเบียนในนาม บริษัท
อู่ตะเภา อินเตอร์เนชั่นแนลเอวิเอชั่น จำกัด ประกอบด้วย 
บริษัท การบินกรุงเทพ จำกัด (มหาชน) (Lead Firm)
บริษัท บีทีเอส กรุ๊ป โฮลดิ้งส์ จำกัด (มหาชน)
บริษัท ซิโน-ไทย เอ็นจีเนียริ่ง แอนด์ คอนสตรัคชั่น จำกัด (มหาชน)","ช่วงที่ 1 พ.ศ. 2538
- 21 ปี
ช่วงที่ 2 พ.ศ. 2558 - 2563
จัดทำแผนการดำเนินการโครงการออกเป็น 3 ช่วง ดังนี้
1) ปี พ.ศ. 2560 – 2564 ใช้เวลาดำเนินการ 1-5 ปี
2) ปี พ.ศ. 2565 – 2569 ใช้เวลาดำเนินการ 5-10 ปี
3) ปี พ.ศ. 2570 – 2575 ใช้เวลาดำเนินการ 10-15 ปี
ช่วงที่ 3 พ.ศ. 2563 – 2535
- ยังไม่ระบุระยะเวลาดำเนินการ",21 พฤศจิกายน 2538,21 พฤศจิกายน 2538,"ช่วงที่ 1 พ.ศ. 2538
- 3,004.67 ล้านบาท
ช่วงที่ 2 พ.ศ. 2558 - 2563
- 1,890 ล้านบาท
ช่วงที่ 3 พ.ศ. 2563 - 2565
- 6,448 ล้านบาท","กรรมสิทธิ์ทั้งหมดเป็นของกองทัพเรือโดยที่บริษัทการบินไทย จำกัด (มหาชน) จะจ่ายค่า
เช่ารายปีให้กองทัพเรือในอัตรา 3% ของวงเงินลงทุนก่อสร้างอาคาร หรือประมาณปีละ
180 ล้านบาท
- ภายหลังปี พ.ศ. 2563 กองทัพเรือและบริษัท การบินไทย จำกัด (มหาชน) อยู่ใน
ระหว่างขั้นตอนการเจรจาอัตราค่าเช่าพื้นที่โครงการฯ ใหม่เนื่องจากสถานะของบริษัทฯ
เปลี่ยนไปจากการเจรจาครั้งก่อน","เอกชนจ่ายค่าเช่าให้รัฐ 3% ของวงเงินลงทุน
 และแบ่งรายได้ตาม % ของรายได้ค่าซ่อม","ประกาศคณะกรรมการนโยบายการพัฒนาระเบียงเศรษฐกิจพิเศษภาคตะวันออก เรื่อง
หลักเกณฑ์ วิธีการ เงื่อนไข และกระบวนการในการร่วมลงทุนกับเอกชนหรือให้เอกชน
เป็นผู้ลงทุน พ.ศ. 2560",หนังสือสรุปผู้บริหาร สนข.
2,โครงการทางหลวงสัมปทานในทางหลวงแผ่นดินหมายเลข 31 ถนนวิภาวดีรังสิต ตอนดินแดง-ดอนเมือง และทางหลวงสัมปทาน ตอนต่อขยายทางด้านทิศเหนือ,(1) ถนน ทางหลวง ทางพิเศษ การขนส่งทางถนน,ทางหลวง,กระทรวงคมนาคม,กรมทางหลวง,บริษัท ดอนเมืองโทล์ลเวย์ จำกัด,"25 ปี
20 ปี (สคร.), 27 ปี (สนข.)","21 สิงหาคม 2532 
12 กันยายน 2550 (ฉบับแก้ไขโดยอายุสัญญาหมดปี 2577)",21 สิงหาคม 2532 ,"ช่วงดินแดง - ดอนเมือง 10,000 ล้านบาท
ช่วงดอนเมือง - อนุสรณ์สถาน 3,400 ล้านบาท","BOT (ช่วงแรก)
BTO (ช่วงหลัง)",แบ่ง % ให้รัฐ แต่ปัจจุบันยกเลิกการแบ่งให้รัฐ,"• พระราชบัญญัติทางหลวงที่ได้รับสัมปทาน พ.ศ. 2473
• พระราชบัญญัติว่าด้วยการให้เอกชนเข้าร่วมงานหรือดำเนินการในกิจการของรัฐ
พ.ศ. 2535","https://ppp.sepo.go.th/content/173
หนังสือสรุปผู้บริหาร สนข."
1,โครงการระบบทางด่วนขั้นที่ 2 (ทางพิเศษศรีรัช ส่วน A B C D),(1) ถนน ทางหลวง ทางพิเศษ การขนส่งทางถนน,ทางพิเศษ,กระทรวงคมนาคม,การทางพิเศษแห่งประเทศไทย (กทพ.),บริษัท ทางด่วนกรุงเทพจำกัด (BECL),"30 ปี
15 ปี","22 ธันวาคม 2531
20 กุมภาพันธ์ 2563 (ฉบับแก้ไขโดยอายุสัญญาหมดปี 2578)",22 ธันวาคม 2531,"16,950 ล้านบาท",BTO,แบ่ง % ให้รัฐ,"• พระราชบัญญัติควบคุมกิจการการค้าอันกระทบถึงความปลอดภัย
หรือผาสุกแห่งสาธารณะชน พ.ศ. 2471
• ประกาศของคณะปฏิวัติ ฉบับที่ 52 พ.ศ. 2515
• พระราชบัญญัติว่าด้วยการให้เอกชนเข้าร่วมงานหรือดำเนินการ
ในกิจการของรัฐ พ.ศ. 2535
• พระราชบัญญัติการให้เอกชนร่วมลงทุนในกิจการของรัฐ พ.ศ. 2556
• พระราชบัญญัติการร่วมลงทุนระหว่างรัฐและเอกชน พ.ศ. 2562","https://ppp.sepo.go.th/content/147
หนังสือสรุปผู้บริหาร สนข."
26,โครงการให้สิทธิเอกชนร่วมลงทุนในสิทธิการเช่าอาคารศูนย์ประชุมและโรงแรม ณ ศูนย์ราชการเฉลิมพระเกียรติ 80 พรรษา,(11) ศูนย์นิทรรศการและศูนย์การประชุม,ศูนย์นิทรรศการและศูนย์การประชุม,กระทรวงการคลัง,บริษัท ธนารักษ์ พัฒนาสินทรัพย์ จำกัด,บริษัท โรงแรมเซ็นทรัลพลาซา จำกัด,21 ปี,22 ธันวาคม 2560,22 ธันวาคม 2560,N/A,,,,https://ppp.sepo.go.th/content/148
27,โครงการทางด่วนสายบางปะอิน - ปากเกร็ด,(1) ถนน ทางหลวง ทางพิเศษ การขนส่งทางถนน,ทางพิเศษ,กระทรวงคมนาคม,การทางพิเศษแห่งประเทศไทย (กทพ.),บริษัท ทางด่วนกรุงเทพเหนือ จำกัด (NECL),"30 ปี
15 ปี","27 กันยายน 2539
20 กุมภาพันธ์ 2563 (ฉบับแก้ไข โดยอายุสัญญาหมดปี 2578)",27 กันยายน 2539,"ประมาณ 7,965 ล้านบาท",BTO,PPP Gross Cost,,https://ppp.sepo.go.th/content/146
36, โครงการรถไฟความเร็วสูงเชื่อมสามสนามบิน,(2) รถไฟ รถไฟฟ้า การขนส่งทางราง,รถไฟฟ้า,กระทรวงคมนาคม,การรถไฟแห่งประเทศไทย (รฟท.),บริษัท รถไฟความเร็วสูงสายตะวันออกเชื่อมสามสนามบิน จำกัด (ปัจจุบัน คือ บริษัท เอเชีย เอรา วัน จำกัด),50 ปี,27 มีนาคม 2561,27 มีนาคม 2561,"ประมาณ 224,000 ล้านบาท",BTO,PPP Net Cost,"• พระราชบัญญัติว่าด้วยการให้เอกชนเข้าร่วมงานหรือดำเนินการในกิจการของรัฐ พ.ศ. 2556
• พระราชบัญญัติเขตพัฒนาพิเศษภาคตะวันออก พ.ศ. 2561
• ประกาศคณะกรรมการนโยบายการพัฒนาระเบียงเศรษฐกิจพิเศษภาคตะวันออก
เรื่อง หลักเกณฑ์ วิธีการ เงื่อนไข และกระบวนการ ในการร่วมลงทุนกับเอกชน
หรือให้เอกชนเป็นผู้ลงทุน พ.ศ. 2560 (และที่แก้ไขเพิ่มเติม)",หนังสือสรุปผู้บริหาร สนข.
28,โครงการทางหลวงพิเศษระหว่างเมือง หมายเลข 81 สายบางใหญ่ - กาญจนบุรี สำหรับให้เอกชนร่วมลงทุนในการดำเนินงานและบำรุงรักษา (Operation and Maintenance: O&M),(1) ถนน ทางหลวง ทางพิเศษ การขนส่งทางถนน,ทางหลวง,กระทรวงคมนาคม,กรมทางหลวง,บริษัท บีจีเอสอาร์ 81 จำกัด,30 ปี,29 กันยายน 2564,29 กันยายน 2564,"ส่วนงานที่ 1: 55,620 ล้านบาท
ส่วนงานที่ 2: 27,828 ล้านบาท
ส่วนงานที่ 3: อยู่ระหว่างขั้นตอนการคัดเลือกเอกชน",BTO,PPP Gross Cost,"• พระราชบัญญัติว่าด้วยการให้เอกชนเข้าร่วมงานหรือดำเนินการในกิจการของรัฐ
พ.ศ. 2535
• พระราชบัญญัติการให้เอกชนร่วมลงทุนในกิจการของรัฐ พ.ศ. 2556
• พระราชบัญญัติการร่วมลงทุนระหว่างรัฐและเอกชน พ.ศ. 2562",https://ppp.sepo.go.th/content/145
29,โครงการทางหลวงพิเศษระหว่างเมือง หมายเลข 6 สายบางปะอิน - นครราชศรีมา สำหรับให้เอกชนร่วมลงทุนในการดำเนินงานและบำรุงรักษา (Operation and Maintenance: O&M),(1) ถนน ทางหลวง ทางพิเศษ การขนส่งทางถนน,ทางหลวง,กระทรวงคมนาคม,กรมทางหลวง,บริษัท บีจีเอสอาร์ 6 จำกัด,30 ปี,29 กันยายน 2564,29 กันยายน 2564,"ส่วนงานที่ 1: 84,600 ล้านบาท
ส่วนงานที่ 2: 33,258 ล้านบาท
ส่วนงานที่ 3: อยู่ระหว่างขั้นตอนการร่างข้อเสนอการลงทุน",BTO,PPP Gross Cost,"• พระราชบัญญัติว่าด้วยการให้เอกชนเข้าร่วมงานหรือดำเนินการในกิจการของรัฐ
พ.ศ. 2535
• พระราชบัญญัติการให้เอกชนร่วมลงทุนในกิจการของรัฐ พ.ศ. 2556
• พระราชบัญญัติการร่วมลงทุนระหว่างรัฐและเอกชน พ.ศ. 2562","https://ppp.sepo.go.th/content/144
หนังสือสรุปผู้บริหาร สนข."
4,โครงการสัญญาเช่าสำหรับการบริหารและประกอบการท่าเทียบเรือตู้สินค้า บี 2,(4) ท่าเรือ การขนส่งทางน้ำ,ท่าเรือ,กระทรวงคมนาคม,การท่าเรือแห่งประเทศไทย (กทท.),บริษัท เอเวอร์กรีน คอนเทนเนอร์ เทอร์มินัล (ประเทศไทย) จำกัด,27 ปี,30 มีนาคม 2536,30 มีนาคม 2536,N/A,,,,https://ppp.sepo.go.th/content/171
13,โครงการสัญญาลงทุน บริหารและประกอบการท่าเทียบเรือตู้สินค้า ซี 3 ณ ท่าเรือแหลมฉบัง,(4) ท่าเรือ การขนส่งทางน้ำ,ท่าเรือ,กระทรวงคมนาคม,การท่าเรือแห่งประเทศไทย (กทท.),บริษัท แหลมฉบัง อินเตอร์เนชั่นแนล เทอร์มินอล จำกัด (LCIT) ,30 ปี,4 เมษายน 2546,4 เมษายน 2546,"ประมาณ 10,092 ล้านบาท",BOT,"LCIT จ่ายค่าตอบแทนให้ กทท. 2 ส่วน
1. ค่าตอบแทนประจำปี (Fixed Fee)
2. ผลประโยชน์ตอบแทนเพิ่มเติมรายปี (Additional Fee)
กรณีที่มีปริมาณตู้สินค้าผ่านท่าเทียบเรือเกินจากปริมาณ 600,000 ทีอียู ต้องชำระผลประโยชน์ตอบแทนพิเศษ (Extra-additional Fee)","• พ.ร.บ. ว่าด้วยการให้เอกชนเข้าร่วมงานหรือดำเนินการในกิจการ
ของรัฐ พ.ศ. 2535","https://ppp.sepo.go.th/content/162
หนังสือสรุปผู้บริหาร สนข."
23,โครงการรถไฟฟ้าสายสีม่วง ช่วงบางใหญ่ - บางซื่อ,(2) รถไฟ รถไฟฟ้า การขนส่งทางราง,รถไฟฟ้า,กระทรวงคมนาคม,การรถไฟฟ้าขนส่งมวลชนแห่งประเทศไทย (รฟม.),บริษัท ทางด่วนและรถไฟฟ้ากรุงเทพ จำกัด (มหาชน) (BEM),30 ปี,4 กันยายน 2556,4 กันยายน 2556,"ประมาณ 60,185 ล้านบาท (สคร.)
ประมาณ 62,902.96 ล้านบาท (สนข.)",BTO,PPP Gross Cost,"• พระราชบัญญัติว่าด้วยการให้เอกชนเข้าร่วมงานหรือดำเนินการในกิจการของรัฐ พ.ศ. 2535
• พระราชบัญญัติว่าการรถไฟฟ้าขนส่งมวลชนแห่งประเทศไทยพ.ศ. 2543","https://ppp.sepo.go.th/content/151
หนังสือสรุปผู้บริหาร สนข."
39,โครงการพัฒนาท่าเรือแหลมฉบัง ระยะที่ 3,(4) ท่าเรือ การขนส่งทางน้ำ,ท่าเรือ,กระทรวงคมนาคม,การท่าเรือแห่งประเทศไทย (กทท.),"กลุ่มกิจการร่วมค้า GPC ประกอบด้วย 
(1) บริษัท กัลฟ์ เอ็นเนอร์จี ดีเวลลอปเมนท์ จำกัด (มหาชน) 
(2) บริษัทพีทีที แทงค์ เทอร์มินัล จำกัด และ
(3) บริษัท ไชน่า ฮาร์เบอร์ เอ็นจิเนียริ่ง จำกัด",35 ปี,4 ตุลาคม 2564,4 ตุลาคม 2564,"ประมาณ 47,060 ล้านบาท",BOT,PPP Net Cost,"• พระราชบัญญัติการร่วมลงทุนระหว่างภาครัฐและเอกชน พ.ศ. 2562
• พระราชบัญญัติการนิคมอุตสาหกรรม พ.ศ. 2522",หนังสือสรุปผู้บริหาร สนข.
31,โครงการศูนย์การขนส่งชายแดนจังหวัดนครพนม,(1) ถนน ทางหลวง ทางพิเศษ การขนส่งทางถนน,การขนส่งทางถนน,กระทรวงคมนาคม,กรมขนส่งทางบก,บริษัท เอสเอแอล จํากัด,30 ปี,5 เมษายน 2566,5 เมษายน 2566,"ประมาณ 1,361 ล้านบาท",,,,https://ppp.sepo.go.th/content/142
19,โครงการสัญญาลงทุนก่อสร้าง บริหาร และประกอบการท่าเทียบเรือ เอ 3 ซี 1 ซี 2 ดี 1 ดี 2 และ ดี 3 ณ ท่าเรือแหลมฉบัง,(4) ท่าเรือ การขนส่งทางน้ำ,ท่าเรือ,กระทรวงคมนาคม,การท่าเรือแห่งประเทศไทย (กทท.),บริษัท ฮัทชิสัน แหลมฉบัง เทอร์มินัล จำกัด (HLT) (บริษัทฯ),30 ปี,6 ตุลาคม 2547,6 ตุลาคม 2547,"ท่าเรือ A3: เงินลงทุนในโครงการ: 1,721.61 ล้านบาท
ท่าเรือ C1 และ C2: เงินลงทุนโครงการ: 9,817.36 ล้านบาท
ท่าเรือ D1, D2 และ D3: เงินลงทุนโครงการ: 12,891.40 ล้านบาท",BOT,"HLT จ่ายค่าตอบแทนให้ กทท. 2 ส่วน
1. ค่าตอบแทนประจำปี (Fixed Fee)
2. ผลประโยชน์ตอบแทนเพิ่มเติมรายปี (Additional Fee)","• พ.ร.บ. ว่าด้วยการให้เอกชนเข้าร่วมงานหรือดำเนินการในกิจการ
ของรัฐ พ.ศ. 2535",https://ppp.sepo.go.th/content/160
37,โครงการก่อสร้างสถานีบรรจุและแยกสินค้ากล่อง (ICD) ที่ลาดกระบัง,(2) รถไฟ รถไฟฟ้า การขนส่งทางราง,รถไฟ,กระทรวงคมนาคม,การรถไฟแห่งประเทศไทย (รฟท.),"1) สถานี A ได้แก่ บริษัท สยามชอร์ไซด์ เซอร์วิส จำกัด (SSS)
2) สถานี B ได้แก่ บริษัท อีสเทิร์น ซี แหลมฉบัง เทอร์มินัล จำกัด (ESCO)
3) สถานี C ได้แก่ บริษัท เอเวอร์กรีน คอนเทนเนอร์ เทอร์มินัล (ประเทศไทย) จำกัด (ECTT)
4) สถานี D ได้แก่ บริษัท ทิฟฟ่า ไอซีดี จำกัด (TIFFA)17
5) สถานี E ได้แก่ บริษัท ไทยฮันจิน โลจิสติกส์ จำกัด (THL)
6) สถานี F ได้แก่ บริษัท เอ็น.วาย.เค.ดิสทริบิวชั่น เซอร์วิส (ประเทศไทย) จำกัด (NICD)",15 ปี,"1) สถานี A, B, C และ F เริ่มต้นตั้งแต่วันที่ 6 มีนาคม 2539
2) สถานี D และ E เริ่มต้นตั้งแต่วันที่ 19 ธันวาคม 2540 ",6 มีนาคม 2539,"ประมาณ 1,857 ล้านบาท","• รัฐเป็นผู้ลงทุนโครงสร้างพื้นฐานทั้งหมด ไม่รวมทรัพย์สิน
ที่ผู้รับสัมปทานจัดหามาเพื่อใช้ดำเนินการ","• ภาครัฐได้รับค่าธรรมเนียมสัมปทานรายเดือน
• ผู้รับสัมปทานได้รับสิทธิในการเก็บรายได้จากการให้บริการสถานีบรรจุและแยกสินค้ากล่อง โดยอัตราค่าบริการดังกล่าวต้องอิงตามอัตราค่าบริการที่การท่าเรือแห่งประเทศไทยกำหนด","• พระราชบัญญัติว่าด้วยการให้เอกชนเข้าร่วมงานหรือดำเนินการ
ในกิจการของรัฐ พ.ศ. 2535
• พระราชบัญญัติการให้เอกชนร่วมลงทุนในกิจการของรัฐ พ.ศ. 2556
• พระราชบัญญัติการร่วมลงทุนระหว่างรัฐและเอกชน พ.ศ. 2562",หนังสือสรุปผู้บริหาร สนข.
3,โครงการระบบขนส่งมวลชนกรุงเทพมหานคร (รถไฟฟ้าสายสีเขียว),(2) รถไฟ รถไฟฟ้า การขนส่งทางราง,รถไฟฟ้า,กระทรวงมหาดไทย,กรุงเทพมหานคร (กทม.),บริษัท ระบบขนส่งมวลชนกรุงเทพ จำกัด (BTSC),30 ปี,9 เมษายน 2535,9 เมษายน 2535,"ช่วงหมอชิต – สะพานใหม่ - คูคต  58,384.45 ล้านบาท
ส่วนต่อขยายสายสุขุมวิท (ช่วงแบริ่ง - สมุทรปราการ) 27,819 ล้านบาท","•  อสังหาริมทรัพย์ที่เกิดจากการก่อสร้างหรืองานโครงสร้าง
BTO
•  ระบบไฟฟ้าและเครื่องกล ซึ่งรวมถึงขบวนรถไฟฟ้า
ในปัจจุบันและที่จะซื อเพิ่มในอนาคต
BOT",PPP net cost,"• พระราชบัญญัติว่าด้วยการให้เอกชนเข้าร่วมงานหรือดำเนินการในกิจการของรัฐ พ.ศ. 2535
• พระราชบัญญัติการให้เอกชนร่วมลงทุนในกิจการของรัฐ พ.ศ. 2556
• พระราชบัญญัติการร่วมลงทุนระหว่างรัฐและเอกชน พ.ศ. 2562
• พระราชบัญญัติการรถไฟฟ้าขนส่งมวลชนแห่งประเทศไทย พ.ศ. 2543
• ประกาศคณะปฏิวัติ ฉบับที่ 58
• พระราชบัญญัติส่งเสริมและรักษาคุณภาพสิ่งแวดล้อม พ.ศ. 2535","https://ppp.sepo.go.th/content/172
หนังสือสรุปผู้บริหาร สนข."
8,โครงการบริหารศูนย์ประชุมแห่งชาติสิริกิติ์,(11) ศูนย์นิทรรศการและศูนย์การประชุม,ศูนย์นิทรรศการและศูนย์การประชุม,กระทรวงการคลัง,กรมธนารักษ์,บริษัท เอ็น ซี ซี แมนเนจเม้นท์แอนด์ ดีเวลลอปเม้นท์ จำกัด,50 ปี,9 เมษายน 2539 (ฉบับปรับปรุง),9 เมษายน 2539,N/A,BTO,,,https://ppp.sepo.go.th/content/167
7,โครงการสัญญาเช่าสำหรับการบริหารและประกอบการท่าเทียบเรือตู้สินค้า บี 1,(4) ท่าเรือ การขนส่งทางน้ำ,ท่าเรือ,กระทรวงคมนาคม,การท่าเรือแห่งประเทศไทย (กทท.),บริษัท แอลซีบี คอนเทนเนอร์ เทอร์มินัล 1 จำกัด,27 ปี,9 ตุลาคม 2538,9 ตุลาคม 2538,N/A,,,,https://ppp.sepo.go.th/content/168
30,โครงการบริหารจัดการท่าเทียบเรือสาธารณะ เพื่อขนถ่ายสินค้าเหลว,(4) ท่าเรือ การขนส่งทางน้ำ,ท่าเรือ,กระทรวงอุตสาหกรรม,การนิคมอุตสาหกรรมแห่งประเทศไทย,บริษัท ไทยแท้งค์เทอร์มินัล จำกัด,30 ปี,9 ธันวาคม 2565,9 ธันวาคม 2565,"ประมาณ 3,222 ล้านบาท",BOT,PPP Net Cost,,https://ppp.sepo.go.th/content/143
35,โครงการให้บริการลานจอดและอุปกรณ์ภาคพื้น การให้บริการผู้โดยสารภาคพื้นและกิจการอื่นๆ ที่เกี่ยวเนื่อง ณ ท่าอากาศยานสุวรรณภูมิของผู้ประกอบการรายที่ 3,(3) ท่าอากาศยาน การขนส่งทางอากาศ,ท่าอากาศยาน,กระทรวงคมนาคม,บริษัท ท่าอากาศยานไทย จำกัด (มหาชน) (ทอท.),,25 ปี,,,"ประมาณ 4,815 ล้านบาท",,PPP Net Cost,,https://ppp.sepo.go.th/uploads/document/file/3aa6bb93c445527ebeb7da27cd37292b.pdf
38,โครงการพัฒนาท่าเรืออุตสาหกรรมมาบตาพุด ระยะที่ 3,(4) ท่าเรือ การขนส่งทางน้ำ,ท่าเรือ,กระทรวงอุตสาหกรรม,การนิคมอุตสาหกรรมแห่งประเทศไทย,,35 ปี,,,"ประมาณ 55,400 ล้านบาท",BOT,PPP Net Cost,,หนังสือสรุปผู้บริหาร สนข.
,,,,,,,,,,,,,,
,,,,,,,,,,,,,,
,,,,,,,,,,,,,,
,,,,,,,,,,,,,,
,,,,,,,,,,,,,,
,,,,,,,,,,,,,,
,,,,,,,,,,,,,,
,,,,,,,,,,,,,,
,,,,,,,,,,,,,,
,,,,,,,,,,,,,,
,,,,,,,,,,,,,,
,,,,,,,,,,,,,,
,,,,,,,,,,,,,,
,,,,,,,,,,,,,,
,,,,,,,,,,,,,,
,,,,,,,,,,,,,,
,,,,,,,,,,,,,,
,,,,,,,,,,,,,,
,,,,,,,,,,,,,,
,,,,,,,,,,,,,,
,,,,,,,,,,,,,,
,,,,,,,,,,,,,,
,,,,,,,,,,,,,,
,,,,,,,,,,,,,,
